MI_County,number,Acres,Yield(Bushels),Bushels/Acres,,
Combiend counties ,0,19000,88.6,0.004663158,,
ANTRIM,1,1600,106.3,0.0664375,,
BENZIE,2,1600,126.9,0.0793125,, 
CHARLEVOIX,3,3200,114,0.035625,,
GRAND TRAVERSE,4,5800,125.5,0.021637931,,
LEELANAU,5,2600,119.6,0.046,,
MANISTEE,6,2400,118.4,0.049333333,,
MISSAUKEE,7,21500,151.6,0.007051163,,
OTHER (COMBINED) COUNTIES,8,7300,124.5,0.017054795,,
